<!--
Copyright (c) 2001, 2002, 2003, 2004, 2005, 2006, 2007 The SCons Foundation

This file is processed by the bin/SConsDoc.py module.
See its __doc__ string for a discussion of the format.
-->
<tool name="mwcc">
<summary>
XXX
</summary>
</tool>

<cvar name="MWCW_VERSION">
<summary>
The version number of the MetroWerks CodeWarrior C compiler
to be used.
</summary>
</cvar>

<cvar name="MWCW_VERSIONS">
<summary>
A list of installed versions of the MetroWerks CodeWarrior C compiler
on this system.
</summary>
</cvar>
