<!--
Copyright (c) 2001, 2002, 2003, 2004, 2005, 2006, 2007 The SCons Foundation

This file is processed by the bin/SConsDoc.py module.
See its __doc__ string for a discussion of the format.
-->
<tool name="Perforce">
<summary>
XXX
</summary>
</tool>

<cvar name="P4">
<summary>
The Perforce executable.
</summary>
</cvar>

<cvar name="P4COM">
<summary>
The command line used to
fetch source files from Perforce.
</summary>
</cvar>

<cvar name="P4COMSTR">
<summary>
The string displayed when
fetching a source file from Perforce.
If this is not set, then &cv-P4COM; (the command line) is displayed.
</summary>
</cvar>

<cvar name="P4FLAGS">
<summary>
General options that are passed to Perforce.
</summary>
</cvar>
