<!--
Copyright (c) 2001, 2002, 2003, 2004, 2005, 2006, 2007 The SCons Foundation

This file is processed by the bin/SConsDoc.py module.
See its __doc__ string for a discussion of the format.
-->
<tool name="SCCS">
<summary>
XXX
</summary>
</tool>

<cvar name="SCCS">
<summary>
The SCCS executable.
</summary>
</cvar>

<cvar name="SCCSCOM">
<summary>
The command line used to
fetch source files from SCCS.
</summary>
</cvar>

<cvar name="SCCSCOMSTR">
<summary>
The string displayed when fetching
a source file from a CVS repository.
If this is not set, then &cv-SCCSCOM;
(the command line) is displayed.
</summary>
</cvar>

<cvar name="SCCSFLAGS">
<summary>
General options that are passed to SCCS.
</summary>
</cvar>

<cvar name="SCCSGETFLAGS">
<summary>
Options that are passed specifically to the SCCS "get" subcommand.
This can be set, for example, to
<option>-e</option>
to check out editable files from SCCS.
</summary>
</cvar>
