<!--
Copyright (c) 2001, 2002, 2003, 2004, 2005, 2006, 2007 The SCons Foundation

This file is processed by the bin/SConsDoc.py module.
See its __doc__ string for a discussion of the format.
-->
<tool name="Subversion">
<summary>
XXX
</summary>
</tool>

<!--
<cvar name="SVN">
<summary>
The Subversion executable (usually named
<command>svn</command>).
</summary>
</cvar>
-->

<!--
<cvar name="SVNCOM">
<summary>
The command line used to
fetch source files from a Subversion repository.
</summary>
</cvar>
-->

<!--
<cvar name="SVNFLAGS">
<summary>
General options that are passed to Subversion.
</summary>
</cvar>
-->
