<!--
Copyright (c) 2001, 2002, 2003, 2004, 2005, 2006, 2007 The SCons Foundation

This file is processed by the bin/SConsDoc.py module.
See its __doc__ string for a discussion of the format.
-->
<tool name="swig">
<summary>
XXX
</summary>
</tool>

<cvar name="SWIG">
<summary>
The scripting language wrapper and interface generator.
</summary>
</cvar>

<cvar name="SWIGCFILESUFFIX">
<summary>
The suffix that will be used for intermediate C
source files generated by
the scripting language wrapper and interface generator.
The default value is
<filename>_wrap</filename>&cv-CFILESUFFIX;.
By default, this value is used whenever the
<option>-c++</option>
option is
<emphasis>not</emphasis>
specified as part of the
&cv-SWIGFLAGS;
construction variable.
</summary>
</cvar>

<cvar name="SWIGCOM">
<summary>
The command line used to call
the scripting language wrapper and interface generator.
</summary>
</cvar>

<cvar name="SWIGCOMSTR">
<summary>
The string displayed when calling
the scripting language wrapper and interface generator.
If this is not set, then &cv-SWIGCOM; (the command line) is displayed.
</summary>
</cvar>

<cvar name="SWIGCXXFILESUFFIX">
<summary>
The suffix that will be used for intermediate C++
source files generated by
the scripting language wrapper and interface generator.
The default value is
<filename>_wrap</filename>&cv-CFILESUFFIX;.
By default, this value is used whenever the
<filename>-c++</filename>
option is specified as part of the
&cv-SWIGFLAGS;
construction variable.
</summary>
</cvar>

<cvar name="SWIGFLAGS">
<summary>
General options passed to
the scripting language wrapper and interface generator.
This is where you should set
<option>-python</option>,
<option>-perl5</option>,
<option>-tcl</option>,
or whatever other options you want to specify to SWIG.
If you set the
<option>-c++</option>
option in this variable,
&scons;
will, by default,
generate a C++ intermediate source file
with the extension that is specified as the
&cv-CXXFILESUFFIX;
variable.
</summary>
</cvar>
